id;description;is_cold;availability_begin;availability_end;title;location_id;organisation_id
1;mobile Fish;true;2019-10-06T18:51:19;2019-10-06T18:53:55;DamXXXXXXX;1;1
2;Practical Fresh Pants;true;2019-10-07T05:47:39;2019-10-06T16:13:46;Movies Producer;2;2
3;Implementation Electronics Officer;true;2019-10-07T01:55:16;2019-10-06T18:32:36;Grocery Home;3;3
4;Investment Account Steel;false;2019-10-06T09:51:11;2019-10-07T00:25:49;CommonXXXX;4;4
5;Savings Account syndicate Planner;false;2019-10-07T08:06:29;2019-10-06T12:35:05;Yuan Renminbi Centers;5;5
6;FactorsXXX;true;2019-10-06T19:42:15;2019-10-06T13:49:18;access Intelligent;6;6
7;Monitored Bahamian Dollar Investment Account;true;2019-10-07T08:23:51;2019-10-07T05:03:44;incentivize Tuna copy;7;7
8;Costa Rica Mayotte;false;2019-10-07T08:28:17;2019-10-06T09:57:11;connect Markets Chief;8;8
9;capacitor archive;true;2019-10-07T04:31:10;2019-10-06T20:43:23;TacticsXXX;9;9
10;scale interactive generating;false;2019-10-06T10:03:25;2019-10-07T02:28:50;Faroe Islands Plastic;10;10
